name,asset_contract_address,token_id
BabyDollPankusuru#043,0x495f947276749ce646f68ac8c248420045cb7b5e,92109847624454127267944115392954259895351342385729911412016170193595607810049
BabyDollPankusuru#044,0x495f947276749ce646f68ac8c248420045cb7b5e,92109847624454127267944115392954259895351342385729911412016170194695119437825
BabyDollPankusuru#045,0x495f947276749ce646f68ac8c248420045cb7b5e,92109847624454127267944115392954259895351342385729911412016170195794631065601
BabyDollPankusuru#046,0x495f947276749ce646f68ac8c248420045cb7b5e,92109847624454127267944115392954259895351342385729911412016170196894142693377
BabyDollPankusuru#047,0x495f947276749ce646f68ac8c248420045cb7b5e,92109847624454127267944115392954259895351342385729911412016170197993654321153
BabyDollPankusuru#052,0x495f947276749ce646f68ac8c248420045cb7b5e,92109847624454127267944115392954259895351342385729911412016170200192677576705
BabyDollPankusuru#053,0x495f947276749ce646f68ac8c248420045cb7b5e,92109847624454127267944115392954259895351342385729911412016170201292189204481
BabyDollPankusuru#054,0x495f947276749ce646f68ac8c248420045cb7b5e,92109847624454127267944115392954259895351342385729911412016170202391700832257
BabyDollPankusuru#055,0x495f947276749ce646f68ac8c248420045cb7b5e,92109847624454127267944115392954259895351342385729911412016170206789747343361
BabyDollPankusuru#056,0x495f947276749ce646f68ac8c248420045cb7b5e,92109847624454127267944115392954259895351342385729911412016170207889258971137
BabyDollPankusuru#057,0x495f947276749ce646f68ac8c248420045cb7b5e,92109847624454127267944115392954259895351342385729911412016170203491212460033
BabyDollPankusuru#058,0x495f947276749ce646f68ac8c248420045cb7b5e,92109847624454127267944115392954259895351342385729911412016170204590724087809
BabyDollPankusuru#059,0x495f947276749ce646f68ac8c248420045cb7b5e,92109847624454127267944115392954259895351342385729911412016170205690235715585
BabyDollPankusuru#060,0x495f947276749ce646f68ac8c248420045cb7b5e,92109847624454127267944115392954259895351342385729911412016170208988770598913
BabyDollPankusuru#061,0x495f947276749ce646f68ac8c248420045cb7b5e,92109847624454127267944115392954259895351342385729911412016170210088282226689
BabyDollPankusuru#062,0x495f947276749ce646f68ac8c248420045cb7b5e,92109847624454127267944115392954259895351342385729911412016170211187793854465
BabyDollPankusuru#063,0x495f947276749ce646f68ac8c248420045cb7b5e,92109847624454127267944115392954259895351342385729911412016170212287305482241
BabyDollPankusuru#064,0x495f947276749ce646f68ac8c248420045cb7b5e,92109847624454127267944115392954259895351342385729911412016170213386817110017
BabyDollPankusuru#065,0x495f947276749ce646f68ac8c248420045cb7b5e,92109847624454127267944115392954259895351342385729911412016170215585840365569
BabyDollPankusuru#066,0x495f947276749ce646f68ac8c248420045cb7b5e,92109847624454127267944115392954259895351342385729911412016170216685351993345
BabyDollPankusuru#067,0x495f947276749ce646f68ac8c248420045cb7b5e,92109847624454127267944115392954259895351342385729911412016170218884375248897
BabyDollPankusuru#068,0x495f947276749ce646f68ac8c248420045cb7b5e,92109847624454127267944115392954259895351342385729911412016170219983886876673
BabyDollPankusuru#069,0x495f947276749ce646f68ac8c248420045cb7b5e,92109847624454127267944115392954259895351342385729911412016170221083398504449
BabyDollPankusuru#070,0x495f947276749ce646f68ac8c248420045cb7b5e,92109847624454127267944115392954259895351342385729911412016170223282421760001
BabyDollPankusuru#071,0x495f947276749ce646f68ac8c248420045cb7b5e,92109847624454127267944115392954259895351342385729911412016170224381933387777
BabyDollPankusuru#072,0x495f947276749ce646f68ac8c248420045cb7b5e,92109847624454127267944115392954259895351342385729911412016170225481445015553
BabyDollPankusuru#073,0x495f947276749ce646f68ac8c248420045cb7b5e,92109847624454127267944115392954259895351342385729911412016170226580956643329
BabyDollPankusuru#074,0x495f947276749ce646f68ac8c248420045cb7b5e,92109847624454127267944115392954259895351342385729911412016170227680468271105
BabyDollPankusuru#075,0x495f947276749ce646f68ac8c248420045cb7b5e,92109847624454127267944115392954259895351342385729911412016170228779979898881
BabyDollPankusuru#076,0x495f947276749ce646f68ac8c248420045cb7b5e,92109847624454127267944115392954259895351342385729911412016170229879491526657
BabyDollPankusuru#077,0x495f947276749ce646f68ac8c248420045cb7b5e,92109847624454127267944115392954259895351342385729911412016170232078514782209
BabyDollPankusuru#078,0x495f947276749ce646f68ac8c248420045cb7b5e,92109847624454127267944115392954259895351342385729911412016170233178026409985
BabyDollPankusuru#079,0x495f947276749ce646f68ac8c248420045cb7b5e,92109847624454127267944115392954259895351342385729911412016170234277538037761
BabyDollPankusuru#080,0x495f947276749ce646f68ac8c248420045cb7b5e,92109847624454127267944115392954259895351342385729911412016170235377049665537
BabyDollPankusuru#081,0x495f947276749ce646f68ac8c248420045cb7b5e,92109847624454127267944115392954259895351342385729911412016170236476561293313
BabyDollPankusuru#082,0x495f947276749ce646f68ac8c248420045cb7b5e,92109847624454127267944115392954259895351342385729911412016170237576072921089
BabyDollPankusuru#083,0x495f947276749ce646f68ac8c248420045cb7b5e,92109847624454127267944115392954259895351342385729911412016170238675584548865
BabyDollPankusuru#084,0x495f947276749ce646f68ac8c248420045cb7b5e,92109847624454127267944115392954259895351342385729911412016170239775096176641
BabyDollPankusuru#085,0x495f947276749ce646f68ac8c248420045cb7b5e,92109847624454127267944115392954259895351342385729911412016170240874607804417
BabyDollPankusuru#086,0x495f947276749ce646f68ac8c248420045cb7b5e,92109847624454127267944115392954259895351342385729911412016170241974119432193
BabyDollPankusuru#087,0x495f947276749ce646f68ac8c248420045cb7b5e,92109847624454127267944115392954259895351342385729911412016170243073631059969
BabyDollPankusuru#088,0x495f947276749ce646f68ac8c248420045cb7b5e,92109847624454127267944115392954259895351342385729911412016170244173142687745
BabyDollPankusuru#089,0x495f947276749ce646f68ac8c248420045cb7b5e,92109847624454127267944115392954259895351342385729911412016170245272654315521
BabyDollPankusuru#090,0x495f947276749ce646f68ac8c248420045cb7b5e,92109847624454127267944115392954259895351342385729911412016170246372165943297
BabyDollPankusuru#091,0x495f947276749ce646f68ac8c248420045cb7b5e,92109847624454127267944115392954259895351342385729911412016170247471677571073
BabyDollPankusuru#092,0x495f947276749ce646f68ac8c248420045cb7b5e,92109847624454127267944115392954259895351342385729911412016170248571189198849
BabyDollPankusuru#093,0x495f947276749ce646f68ac8c248420045cb7b5e,92109847624454127267944115392954259895351342385729911412016170249670700826625
BabyDollPankusuru#094,0x495f947276749ce646f68ac8c248420045cb7b5e,92109847624454127267944115392954259895351342385729911412016170250770212454401
BabyDollPankusuru#095,0x495f947276749ce646f68ac8c248420045cb7b5e,92109847624454127267944115392954259895351342385729911412016170251869724082177
BabyDollPankusuru#096,0x495f947276749ce646f68ac8c248420045cb7b5e,92109847624454127267944115392954259895351342385729911412016170252969235709953
BabyDollPankusuru#097,0x495f947276749ce646f68ac8c248420045cb7b5e,92109847624454127267944115392954259895351342385729911412016170254068747337729
BabyDollPankusuru#098,0x495f947276749ce646f68ac8c248420045cb7b5e,92109847624454127267944115392954259895351342385729911412016170255168258965505
BabyDollPankusuru#099,0x495f947276749ce646f68ac8c248420045cb7b5e,92109847624454127267944115392954259895351342385729911412016170256267770593281
BabyDollPankusuru#100,0x495f947276749ce646f68ac8c248420045cb7b5e,92109847624454127267944115392954259895351342385729911412016170258466793848833
BabyDollPankusuru#101,0x495f947276749ce646f68ac8c248420045cb7b5e,92109847624454127267944115392954259895351342385729911412016170259566305476609
BabyDollPankusuru#102,0x495f947276749ce646f68ac8c248420045cb7b5e,92109847624454127267944115392954259895351342385729911412016170257367282221057
BabyDollPankusuru#103,0x495f947276749ce646f68ac8c248420045cb7b5e,92109847624454127267944115392954259895351342385729911412016170260665817104385
BabyDollPankusuru#104,0x495f947276749ce646f68ac8c248420045cb7b5e,92109847624454127267944115392954259895351342385729911412016170261765328732161
BabyDollPankusuru#105,0x495f947276749ce646f68ac8c248420045cb7b5e,92109847624454127267944115392954259895351342385729911412016170262864840359937
BabyDollPankusuru#106,0x495f947276749ce646f68ac8c248420045cb7b5e,92109847624454127267944115392954259895351342385729911412016170263964351987713
BabyDollPankusuru#107,0x495f947276749ce646f68ac8c248420045cb7b5e,92109847624454127267944115392954259895351342385729911412016170265063863615489
BabyDollPankusuru#108,0x495f947276749ce646f68ac8c248420045cb7b5e,92109847624454127267944115392954259895351342385729911412016170266163375243265
BabyDollPankusuru#109,0x495f947276749ce646f68ac8c248420045cb7b5e,92109847624454127267944115392954259895351342385729911412016170267262886871041
BabyDollPankusuru#110,0x495f947276749ce646f68ac8c248420045cb7b5e,92109847624454127267944115392954259895351342385729911412016170268362398498817
BabyDollPankusuru#111,0x495f947276749ce646f68ac8c248420045cb7b5e,92109847624454127267944115392954259895351342385729911412016170269461910126593
BabyDollPankusuru#112,0x495f947276749ce646f68ac8c248420045cb7b5e,92109847624454127267944115392954259895351342385729911412016170270561421754369
BabyDollPankusuru#113,0x495f947276749ce646f68ac8c248420045cb7b5e,92109847624454127267944115392954259895351342385729911412016170271660933382145
BabyDollPankusuru#114,0x495f947276749ce646f68ac8c248420045cb7b5e,92109847624454127267944115392954259895351342385729911412016170274959468265473
BabyDollPankusuru#115,0x495f947276749ce646f68ac8c248420045cb7b5e,92109847624454127267944115392954259895351342385729911412016170272760445009921
BabyDollPankusuru#116,0x495f947276749ce646f68ac8c248420045cb7b5e,92109847624454127267944115392954259895351342385729911412016170273859956637697
BabyDollPankusuru#117,0x495f947276749ce646f68ac8c248420045cb7b5e,92109847624454127267944115392954259895351342385729911412016170276058979893249
BabyDollPankusuru#118,0x495f947276749ce646f68ac8c248420045cb7b5e,92109847624454127267944115392954259895351342385729911412016170277158491521025
BabyDollPankusuru#119,0x495f947276749ce646f68ac8c248420045cb7b5e,92109847624454127267944115392954259895351342385729911412016170279357514776577
BabyDollPankusuru#120,0x495f947276749ce646f68ac8c248420045cb7b5e,92109847624454127267944115392954259895351342385729911412016170281556538032129
BabyDollPankusuru#121,0x495f947276749ce646f68ac8c248420045cb7b5e,92109847624454127267944115392954259895351342385729911412016170282656049659905
BabyDollPankusuru#122,0x495f947276749ce646f68ac8c248420045cb7b5e,92109847624454127267944115392954259895351342385729911412016170283755561287681
BabyDollPankusuru#123,0x495f947276749ce646f68ac8c248420045cb7b5e,92109847624454127267944115392954259895351342385729911412016170284855072915457
BabyDollPankusuru#124,0x495f947276749ce646f68ac8c248420045cb7b5e,92109847624454127267944115392954259895351342385729911412016170285954584543233
BabyDollPankusuru#125,0x495f947276749ce646f68ac8c248420045cb7b5e,92109847624454127267944115392954259895351342385729911412016170287054096171009
BabyDollPankusuru#126,0x495f947276749ce646f68ac8c248420045cb7b5e,92109847624454127267944115392954259895351342385729911412016170288153607798785
BabyDollPankusuru#127,0x495f947276749ce646f68ac8c248420045cb7b5e,92109847624454127267944115392954259895351342385729911412016170289253119426561
BabyDollPankusuru#128,0x495f947276749ce646f68ac8c248420045cb7b5e,92109847624454127267944115392954259895351342385729911412016170291452142682113
BabyDollPankusuru#129,0x495f947276749ce646f68ac8c248420045cb7b5e,92109847624454127267944115392954259895351342385729911412016170314541886865409
BabyDollPankusuru#130,0x495f947276749ce646f68ac8c248420045cb7b5e,92109847624454127267944115392954259895351342385729911412016170315641398493185
BabyDollPankusuru#131,0x495f947276749ce646f68ac8c248420045cb7b5e,92109847624454127267944115392954259895351342385729911412016170316740910120961
BabyDollPankusuru#132,0x495f947276749ce646f68ac8c248420045cb7b5e,92109847624454127267944115392954259895351342385729911412016170317840421748737
BabyDollPankusuru#133,0x495f947276749ce646f68ac8c248420045cb7b5e,92109847624454127267944115392954259895351342385729911412016170320039445004289
BabyDollPankusuru#134,0x495f947276749ce646f68ac8c248420045cb7b5e,92109847624454127267944115392954259895351342385729911412016170321138956632065
BabyDollPankusuru#135,0x495f947276749ce646f68ac8c248420045cb7b5e,92109847624454127267944115392954259895351342385729911412016170322238468259841
BabyDollPankusuru#136,0x495f947276749ce646f68ac8c248420045cb7b5e,92109847624454127267944115392954259895351342385729911412016170323337979887617
BabyDollPankusuru#137,0x495f947276749ce646f68ac8c248420045cb7b5e,92109847624454127267944115392954259895351342385729911412016170324437491515393
BabyDollPankusuru#138,0x495f947276749ce646f68ac8c248420045cb7b5e,92109847624454127267944115392954259895351342385729911412016170325537003143169
BabyDollPankusuru#139,0x495f947276749ce646f68ac8c248420045cb7b5e,92109847624454127267944115392954259895351342385729911412016170326636514770945
BabyDollPankusuru#140,0x495f947276749ce646f68ac8c248420045cb7b5e,92109847624454127267944115392954259895351342385729911412016170327736026398721
BabyDollPankusuru#141,0x495f947276749ce646f68ac8c248420045cb7b5e,92109847624454127267944115392954259895351342385729911412016170329935049654273
BabyDollPankusuru#142,0x495f947276749ce646f68ac8c248420045cb7b5e,92109847624454127267944115392954259895351342385729911412016170331034561282049
BabyDollPankusuru#143,0x495f947276749ce646f68ac8c248420045cb7b5e,92109847624454127267944115392954259895351342385729911412016170332134072909825
BabyDollPankusuru#144,0x495f947276749ce646f68ac8c248420045cb7b5e,92109847624454127267944115392954259895351342385729911412016170333233584537601
BabyDollPankusuru#145,0x495f947276749ce646f68ac8c248420045cb7b5e,92109847624454127267944115392954259895351342385729911412016170334333096165377
BabyDollPankusuru#146,0x495f947276749ce646f68ac8c248420045cb7b5e,92109847624454127267944115392954259895351342385729911412016170335432607793153
BabyDollPankusuru#147,0x495f947276749ce646f68ac8c248420045cb7b5e,92109847624454127267944115392954259895351342385729911412016170336532119420929
BabyDollPankusuru#148,0x495f947276749ce646f68ac8c248420045cb7b5e,92109847624454127267944115392954259895351342385729911412016170337631631048705
BabyDollPankusuru#149,0x495f947276749ce646f68ac8c248420045cb7b5e,92109847624454127267944115392954259895351342385729911412016170338731142676481
BabyDollPankusuru#150,0x495f947276749ce646f68ac8c248420045cb7b5e,92109847624454127267944115392954259895351342385729911412016170339830654304257
BabyDollPankusuru#151,0x495f947276749ce646f68ac8c248420045cb7b5e,92109847624454127267944115392954259895351342385729911412016170340930165932033
BabyDollPankusuru#152,0x495f947276749ce646f68ac8c248420045cb7b5e,92109847624454127267944115392954259895351342385729911412016170342029677559809
BabyDollPankusuru#153,0x495f947276749ce646f68ac8c248420045cb7b5e,92109847624454127267944115392954259895351342385729911412016170343129189187585
BabyDollPankusuru#154,0x495f947276749ce646f68ac8c248420045cb7b5e,92109847624454127267944115392954259895351342385729911412016170344228700815361
BabyDollPankusuru#155,0x495f947276749ce646f68ac8c248420045cb7b5e,92109847624454127267944115392954259895351342385729911412016170345328212443137
BabyDollPankusuru#156,0x495f947276749ce646f68ac8c248420045cb7b5e,92109847624454127267944115392954259895351342385729911412016170346427724070913
BabyDollPankusuru#157,0x495f947276749ce646f68ac8c248420045cb7b5e,92109847624454127267944115392954259895351342385729911412016170347527235698689
BabyDollPankusuru#158,0x495f947276749ce646f68ac8c248420045cb7b5e,92109847624454127267944115392954259895351342385729911412016170349726258954241
BabyDollPankusuru#159,0x495f947276749ce646f68ac8c248420045cb7b5e,92109847624454127267944115392954259895351342385729911412016170350825770582017
BabyDollPankusuru#160,0x495f947276749ce646f68ac8c248420045cb7b5e,92109847624454127267944115392954259895351342385729911412016170351925282209793
BabyDollPankusuru#161,0x495f947276749ce646f68ac8c248420045cb7b5e,92109847624454127267944115392954259895351342385729911412016170353024793837569
BabyDollPankusuru#162,0x495f947276749ce646f68ac8c248420045cb7b5e,92109847624454127267944115392954259895351342385729911412016170354124305465345
BabyDollPankusuru#166,0x495f947276749ce646f68ac8c248420045cb7b5e,92109847624454127267944115392954259895351342385729911412016170355223817093121
BabyDollPankusuru#167,0x495f947276749ce646f68ac8c248420045cb7b5e,92109847624454127267944115392954259895351342385729911412016170356323328720897
BabyDollPankusuru#168,0x495f947276749ce646f68ac8c248420045cb7b5e,92109847624454127267944115392954259895351342385729911412016170357422840348673
BabyDollPankusuru#169,0x495f947276749ce646f68ac8c248420045cb7b5e,92109847624454127267944115392954259895351342385729911412016170358522351976449
BabyDollPankusuru#170,0x495f947276749ce646f68ac8c248420045cb7b5e,92109847624454127267944115392954259895351342385729911412016170359621863604225
BabyDollPankusuru#171,0x495f947276749ce646f68ac8c248420045cb7b5e,92109847624454127267944115392954259895351342385729911412016170360721375232001
BabyDollPankusuruANAP,0x495f947276749ce646f68ac8c248420045cb7b5e,92109847624454127267944115392954259895351342385729911412016170199093165948929
BabyDollPankusuru_Kyarypamyupamyu,0x495f947276749ce646f68ac8c248420045cb7b5e,92109847624454127267944115392954259895351342385729911412016170230979003154433