name,username,address,created_date
BabyDollPankusuru#043,,0xe440d4f2b7546f1d37b796d73f634c9c3e093faa,2022-08-17T14:36:09.228536+00:00
BabyDollPankusuru#044,YudaiNagata,0xbb0a27a37057a75fa536de2a18d7b9da21e11c9f,2022-04-08T13:52:15.421875+00:00
BabyDollPankusuru#045,andyXNFT_CNF,0xbb9c7ca5ec7a5fa677a6e5db17bb2a7b52e5ecc6,2022-04-08T13:21:31.623476+00:00
BabyDollPankusuru#046,HelloUnderWorId,0x1f645026bdb9ace00c42f582d206bd2b02211b0d,2022-04-08T13:44:13.610725+00:00
BabyDollPankusuru#047,Ch369,0x4632efb92b4c7b0e835adcd59be4d6683ee0313c,2022-04-08T13:47:12.591145+00:00
BabyDollPankusuru#052,fudou,0xfbd4c17c3e468f67c3d48ceaf65255e884dd298c,2022-04-10T11:51:50.963957+00:00
BabyDollPankusuru#053,aoharuyouth,0x6065177c99c3692337d36c1d56d386fceaf48e71,2022-04-10T12:03:36.903537+00:00
BabyDollPankusuru#054,Kuma_co,0xb31650a68d79164afa7141ffabe288261a27c12e,2022-04-10T11:32:18.108703+00:00
BabyDollPankusuru#055,Yuyaa,0xd9e692cef285655cad56356d14aa0e43bf1e6740,2022-04-15T11:43:16.499053+00:00
BabyDollPankusuru#056,sfarm_jp,0xdc4d076a2847264b8caca4bed97cb1e6c7915fbf,2022-06-24T03:06:59.208088+00:00
BabyDollPankusuru#057,ioouca,0x6e3bc51810aa3407463bbf2b094bb91eeb91d918,2022-04-12T05:46:10.052903+00:00
BabyDollPankusuru#058,crypto_anago,0x75c4c5ed522454f1b0cd899d77fca9b5336dbabb,2022-04-12T06:47:31.706515+00:00
BabyDollPankusuru#059,Apple12345,0xdf76725b089bc4d0db35a2480ea5bfd4ac50145a,2022-07-14T05:57:06.583659+00:00
BabyDollPankusuru#060,julius_PLSX,0xe7b922e6ef4faf54b7583edde9af6266ff9cbfe0,2022-04-17T13:33:40.153146+00:00
BabyDollPankusuru#061,ken5104da,0x715709200d3e6e3f39ffd900850a14de05beca2d,2022-04-17T13:34:21.534798+00:00
BabyDollPankusuru#062,julius_PLSX,0xe7b922e6ef4faf54b7583edde9af6266ff9cbfe0,2022-04-17T12:21:50.898825+00:00
BabyDollPankusuru#063,BucketBear,0xdedd2b0bb69adb0d7a537731233ba6310f614cad,2022-05-07T12:14:48.958943+00:00
BabyDollPankusuru#064,mi-yan_jp,0x9f0b7f731897898709f3f935972d646c2d262cb6,2022-07-12T01:20:09.304369+00:00
BabyDollPankusuru#065,yamachang,0xb415f808d6821524a6ccd6afa92a59482d0e8955,2022-04-18T08:09:11.937611+00:00
BabyDollPankusuru#066,roar_,0x6b33a55786b2412c5283bffc0383ca35d702b388,2022-04-18T11:50:46.141690+00:00
BabyDollPankusuru#067,daikichimaru,0x2b0d07905a280f52e83d8e18da3843728a6b2215,2022-04-19T03:33:14.676499+00:00
BabyDollPankusuru#068,ioouca,0x6e3bc51810aa3407463bbf2b094bb91eeb91d918,2022-04-19T07:01:17.425507+00:00
BabyDollPankusuru#069,marunishi,0xb224fac3456408ead8cb9add7ef1878887fcdccd,2022-04-19T07:56:02.512151+00:00
BabyDollPankusuru#070,ken5104da,0x715709200d3e6e3f39ffd900850a14de05beca2d,2022-04-19T09:03:21.216342+00:00
BabyDollPankusuru#071,two_pack,0xf1c3789d6805c81ac8074fd351687259e7302568,2022-10-08T03:09:21.684643+00:00
BabyDollPankusuru#072,keithring,0x2938865d32f71bf033ade022f86b4b2c346d96dd,2022-04-19T14:43:06.548150+00:00
BabyDollPankusuru#073,Matt555,0xb7b4642337f65509bc103948ae6f31ab7b646184,2022-07-05T13:14:45.953948+00:00
BabyDollPankusuru#074,Bulbs-M,0x04dcc8e0e45fe45e9f36ace0e8a98b8a9c578b8d,2022-10-05T13:27:45.429407+00:00
BabyDollPankusuru#075,ken5104da,0x715709200d3e6e3f39ffd900850a14de05beca2d,2022-04-20T08:47:15.885052+00:00
BabyDollPankusuru#076,,0x246992b9f5dce6a69630c652e66d0823babd9be8,2022-04-20T11:41:16.075567+00:00
BabyDollPankusuru#077,marunishi-2,0x7c6c372e55ea8cc26e1523eb3a56c52457a473a0,2022-07-01T02:26:25.851216+00:00
BabyDollPankusuru#078,ken5104da,0x715709200d3e6e3f39ffd900850a14de05beca2d,2022-04-21T05:09:06.672873+00:00
BabyDollPankusuru#079,openpen,0x48f102fb32448cd0575964c620019d3cb02bcaa3,2022-04-21T06:47:05.719987+00:00
BabyDollPankusuru#080,IVIVII3,0x7a0998407b73d4ef68aaae1180a2f68728af336e,2022-04-21T13:52:28.456874+00:00
BabyDollPankusuru#081,openpen,0x48f102fb32448cd0575964c620019d3cb02bcaa3,2022-04-22T03:54:05.755231+00:00
BabyDollPankusuru#082,y-u-t-s,0xb26850a6aad2d998a6601f3c4b8e5dcf20a8aa63,2022-04-22T05:46:07.034624+00:00
BabyDollPankusuru#083,bcn18,0xd106bf0b02076e5d1a2592c86c073692f8e21b11,2022-04-22T07:04:37.479121+00:00
BabyDollPankusuru#084,,0x9ef0e1516b42d9701712714e966f2249bca95cc9,2022-10-10T05:02:53.591019+00:00
BabyDollPankusuru#085,ken5104da,0x715709200d3e6e3f39ffd900850a14de05beca2d,2022-04-23T12:37:00.277104+00:00
BabyDollPankusuru#086,Apple12345,0xdf76725b089bc4d0db35a2480ea5bfd4ac50145a,2022-04-23T14:51:41.244362+00:00
BabyDollPankusuru#087,star-prince,0xd0a2f14423ede2df5fe66b61419858c8e3bab3a1,2022-09-18T15:37:45.739296+00:00
BabyDollPankusuru#088,JIN_01,0x00a2cb6dbf1b4a0b6fed938de6be043af7f7b137,2022-04-24T08:17:55.122317+00:00
BabyDollPankusuru#089,crypto_anago,0x75c4c5ed522454f1b0cd899d77fca9b5336dbabb,2022-04-24T11:50:54.531159+00:00
BabyDollPankusuru#090,Crocodeal,0x19e94b5c55c0e7bacc158de47dd1cf2b9a80577e,2022-04-25T06:41:18.098209+00:00
BabyDollPankusuru#091,p-8,0xdfffd9cadbf7523dafd3dec79235e16798518520,2022-04-25T11:14:27.814889+00:00
BabyDollPankusuru#092,ken5104da,0x715709200d3e6e3f39ffd900850a14de05beca2d,2022-04-25T14:17:31.991221+00:00
BabyDollPankusuru#093,Profiteroles_inc,0x4377f6bc49d877fef0f255bf0128434c59d3c6d9,2022-04-26T02:53:11.988255+00:00
BabyDollPankusuru#094,Y-FuegoNegro,0xdd7c3dcd1935ffd0022d4e36776c729b18efb269,2022-04-26T04:33:59.422868+00:00
BabyDollPankusuru#095,Profiteroles_inc,0x4377f6bc49d877fef0f255bf0128434c59d3c6d9,2022-04-27T04:51:38.583718+00:00
BabyDollPankusuru#096,ken5104da,0x715709200d3e6e3f39ffd900850a14de05beca2d,2022-04-27T07:43:22.480308+00:00
BabyDollPankusuru#097,dorata2,0xca08a538c5a2e1d9b1623b870072f365014c86cc,2022-09-27T07:07:09.977789+00:00
BabyDollPankusuru#098,0x89_,0xd9a80d5a7b91d9a4806e2654d2c0056d338c386a,2022-04-27T09:56:19.794854+00:00
BabyDollPankusuru#099,CUCHALA,0x35594b527422aab97d0e3b5813d72bd6e9ae1717,2022-04-27T11:33:39.693146+00:00
BabyDollPankusuru#100,ken5104da,0x715709200d3e6e3f39ffd900850a14de05beca2d,2022-04-29T11:03:21.568862+00:00
BabyDollPankusuru#101,cfspark,0x354029b0d5c417fed5f22522d3a1325b5397df8e,2022-04-29T11:19:46.321001+00:00
BabyDollPankusuru#102,IVIVII3,0x7a0998407b73d4ef68aaae1180a2f68728af336e,2022-04-28T05:10:28.673996+00:00
BabyDollPankusuru#103,ken5104da,0x715709200d3e6e3f39ffd900850a14de05beca2d,2022-04-30T11:21:38.334832+00:00
BabyDollPankusuru#104,IVIVII3,0x7a0998407b73d4ef68aaae1180a2f68728af336e,2022-04-30T11:22:38.746785+00:00
BabyDollPankusuru#105,ryo3,0x5ad264fe5ae7912b5a9d0d424e17efcd85f19768,2022-04-30T13:13:00.404170+00:00
BabyDollPankusuru#106,ryo3,0x5ad264fe5ae7912b5a9d0d424e17efcd85f19768,2022-04-30T11:52:24.882143+00:00
BabyDollPankusuru#107,EQUALIST_CNF,0x565952adebb0bb8666431033c7faba3d1e2b3539,2022-06-17T03:27:27.301948+00:00
BabyDollPankusuru#108,bcn18,0xd106bf0b02076e5d1a2592c86c073692f8e21b11,2022-04-30T17:42:23.695661+00:00
BabyDollPankusuru#109,Matt555,0xb7b4642337f65509bc103948ae6f31ab7b646184,2022-07-05T11:36:46.810559+00:00
BabyDollPankusuru#110,Apple12345,0xdf76725b089bc4d0db35a2480ea5bfd4ac50145a,2022-05-20T13:45:21.310758+00:00
BabyDollPankusuru#111,microkonchan,0xef7c2232c291c648eed2b3706381fec836ff190c,2022-05-29T14:41:11.811607+00:00
BabyDollPankusuru#112,yamachang,0xb415f808d6821524a6ccd6afa92a59482d0e8955,2022-07-23T03:00:12.844145+00:00
BabyDollPankusuru#113,Apple12345,0xdf76725b089bc4d0db35a2480ea5bfd4ac50145a,2022-05-20T13:42:19.109354+00:00
BabyDollPankusuru#114,bcn18,0xd106bf0b02076e5d1a2592c86c073692f8e21b11,2022-06-18T10:02:09.410598+00:00
BabyDollPankusuru#115,ken5104da,0x715709200d3e6e3f39ffd900850a14de05beca2d,2022-05-28T09:29:32.899870+00:00
BabyDollPankusuru#116,keithring,0x2938865d32f71bf033ade022f86b4b2c346d96dd,2022-05-28T09:00:24.067246+00:00
BabyDollPankusuru#117,Milav,0xa1fb1d1911a9b4e2d5264646543fc8eaa423aa0a,2022-07-27T06:07:24.874840+00:00
BabyDollPankusuru#118,amane_chan,0x5488a2034d15fe2d2fef43b0d6c879dbf06aa13e,2022-09-18T15:57:07.536526+00:00
BabyDollPankusuru#119,MOTO2nd,0xf68899449f66825165a4057d2d0c1c90786046cf,2022-07-06T08:18:13.344556+00:00
BabyDollPankusuru#120,Warrior_J,0xbb6fee4d8b8a121a56adbbab64f12792aaa34cd8,2022-09-26T10:38:57.279527+00:00
BabyDollPankusuru#121,HelloUnderWorId,0x1f645026bdb9ace00c42f582d206bd2b02211b0d,2022-05-28T09:12:45.654507+00:00
BabyDollPankusuru#122,Apple12345,0xdf76725b089bc4d0db35a2480ea5bfd4ac50145a,2022-05-20T13:35:26.544397+00:00
BabyDollPankusuru#123,Takumi-U,0x9d47c98eb709603aa82514f96b6efa7939f2edc1,2022-10-11T19:03:40.698821+00:00
BabyDollPankusuru#124,GoemonDX,0x58e5d00d8128ed6ad2cb5caa4f2d8af761fbac7a,2022-09-26T10:26:49.708557+00:00
BabyDollPankusuru#125,Warrior_J,0xbb6fee4d8b8a121a56adbbab64f12792aaa34cd8,2022-09-26T10:38:24.320988+00:00
BabyDollPankusuru#126,Okuripplendesu,0xce92f0f1649fa7c2316841d469827e508cb1b216,2022-05-24T23:55:17.316211+00:00
BabyDollPankusuru#127,Apple12345,0xdf76725b089bc4d0db35a2480ea5bfd4ac50145a,2022-05-25T09:10:10.657236+00:00
BabyDollPankusuru#128,10n7ii,0x19be0bf9849717c2fc5e29798f199d9c17c09cc0,2022-05-25T02:53:06.594740+00:00
BabyDollPankusuru#129,Antom_Factory,0xeff9b702ae0f6f89cb0b3cfeab7c459520096e60,2022-07-09T15:17:33.808240+00:00
BabyDollPankusuru#130,raou,0x810e55f64eaf3f3038115c0715186e608adc59b8,2022-07-11T23:27:03.926702+00:00
BabyDollPankusuru#131,raou,0x810e55f64eaf3f3038115c0715186e608adc59b8,2022-07-11T23:31:46.391435+00:00
BabyDollPankusuru#132,raou,0x810e55f64eaf3f3038115c0715186e608adc59b8,2022-07-11T23:28:19.997388+00:00
BabyDollPankusuru#133,bcn18,0xd106bf0b02076e5d1a2592c86c073692f8e21b11,2022-06-05T02:03:58.606195+00:00
BabyDollPankusuru#134,bcn18,0xd106bf0b02076e5d1a2592c86c073692f8e21b11,2022-06-05T11:30:28.257659+00:00
BabyDollPankusuru#135,bcn18,0xd106bf0b02076e5d1a2592c86c073692f8e21b11,2022-06-05T11:31:15.637571+00:00
BabyDollPankusuru#136,bcn18,0xd106bf0b02076e5d1a2592c86c073692f8e21b11,2022-06-05T11:33:11.299068+00:00
BabyDollPankusuru#137,vegenet,0x66919e2d63dc630328f0108182e087b06fe3f9fe,2022-09-26T10:25:34.414848+00:00
BabyDollPankusuru#138,riceball-CNF,0x545cf13877e30f596ea95a64aff9c4717d9ccb4d,2022-07-08T06:39:35.173707+00:00
BabyDollPankusuru#139,10n7ii,0x19be0bf9849717c2fc5e29798f199d9c17c09cc0,2022-07-23T22:09:44.239345+00:00
BabyDollPankusuru#140,Warrior_J,0xbb6fee4d8b8a121a56adbbab64f12792aaa34cd8,2022-09-26T10:19:34.941141+00:00
BabyDollPankusuru#141,24pon,0x4d3122ea24d779cf7741f1d6a5829905b235c48c,2022-08-04T02:35:40.665603+00:00
BabyDollPankusuru#142,Katie_AKTG,0x4548c54e89e6fa43e5a6d467fc243fdb1dfd3f4d,2022-10-08T02:51:04.054556+00:00
BabyDollPankusuru#143,GoemonDX,0x58e5d00d8128ed6ad2cb5caa4f2d8af761fbac7a,2022-09-26T10:25:34.232418+00:00
BabyDollPankusuru#144,ujipon,0xd6f307f1445a58f971c398442ccdfcb0c6ff2ade,2022-08-12T10:06:06.457850+00:00
BabyDollPankusuru#145,Warrior_J,0xbb6fee4d8b8a121a56adbbab64f12792aaa34cd8,2022-09-26T10:20:22.902944+00:00
BabyDollPankusuru#146,Lancelot,0x52042434fd34f200fb1d6ff015bdadac844019ce,2022-07-06T12:27:08.311965+00:00
BabyDollPankusuru#147,,0x04d8c4973dd6a387339d5dee9846b8c9e90b7060,2022-10-10T13:43:11.859800+00:00
BabyDollPankusuru#148,nobunaka,0x34c2b83f0fe192aff0f00588556e56b09d4b5f26,2022-07-05T11:49:47.178191+00:00
BabyDollPankusuru#149,yamachang,0xb415f808d6821524a6ccd6afa92a59482d0e8955,2022-07-05T13:04:21.375389+00:00
BabyDollPankusuru#150,bonzai-tokotoko,0xf1ea9b0a22ac3494cb74bbc1bb985cf3f091992b,2022-07-05T11:48:08.175826+00:00
BabyDollPankusuru#151,bonzai-tokotoko,0xf1ea9b0a22ac3494cb74bbc1bb985cf3f091992b,2022-07-05T11:50:34.944015+00:00
BabyDollPankusuru#152,bonzai-tokotoko,0xf1ea9b0a22ac3494cb74bbc1bb985cf3f091992b,2022-07-05T11:45:56.802352+00:00
BabyDollPankusuru#153,Warrior_J,0xbb6fee4d8b8a121a56adbbab64f12792aaa34cd8,2022-09-26T10:21:48.555703+00:00
BabyDollPankusuru#154,ETHERRacer,0x59698a4538aeb41b080d531bda8657f583c8570a,2022-09-14T12:44:38.733397+00:00
BabyDollPankusuru#155,extraia_they555,0xe457e774d05c0a94486288f64cdb603f2748edf6,2022-07-03T15:55:26.720999+00:00
BabyDollPankusuru#156,RSH_CNF,0xf1ac38b5e788f89fba58a34236c2ab0dea3f0327,2022-09-14T13:16:17.185751+00:00
BabyDollPankusuru#157,EQUALIST_CNF,0x565952adebb0bb8666431033c7faba3d1e2b3539,2022-06-19T12:26:13.313679+00:00
BabyDollPankusuru#158,vegenet,0x66919e2d63dc630328f0108182e087b06fe3f9fe,2022-09-14T12:28:15.942417+00:00
BabyDollPankusuru#159,yanamaru,0x2768f72ab0f3f9a37145d1cab4bb473f239e8b6e,2022-07-05T11:53:08.242198+00:00
BabyDollPankusuru#160,doctor_head2,0xec1eb7efc5b675b5d997b85c77a690f36288af62,2022-07-05T11:24:25.908236+00:00
BabyDollPankusuru#161,norahiro26,0x775319941ef64c2a7f8dedbc12fdb4a724c2f139,2022-09-15T06:11:33.684567+00:00
BabyDollPankusuru#162,JAPANNFTMUSEUM,0x7f429dc5ffda5374bb09a1ba390ffebdea4797a4,2022-07-14T05:25:33.739484+00:00
BabyDollPankusuru#166,Maririn,0x3dff8090ed4e5bd3cc7eadd7874eedaa3ebe3eb5,2022-07-16T10:04:26.708094+00:00
BabyDollPankusuru#167,riceball-CNF,0x545cf13877e30f596ea95a64aff9c4717d9ccb4d,2022-07-26T13:46:14.495091+00:00
BabyDollPankusuru#168,KAREN11,0x1213314b10d03f237da8639f84ac36c8f4342b1f,2022-07-26T09:33:07.885693+00:00
BabyDollPankusuru#169,Milav,0xa1fb1d1911a9b4e2d5264646543fc8eaa423aa0a,2022-07-27T05:54:12.495788+00:00
BabyDollPankusuru#170,EDGEoff,0xeb0c5454c94509df889985909ca0451f46948245,2022-07-31T11:02:17.258725+00:00
BabyDollPankusuru#171,,0x8d8aaf0001af0961f3a12219652eb58cf248fc7a,2022-07-31T11:11:56.226310+00:00
BabyDollPankusuruANAP,GakuTakimoto,0xbb69b037869f2c065ec668491e840e920e0ebaa5,2022-04-09T12:00:29.469465+00:00
BabyDollPankusuru_Kyarypamyupamyu,xkamikazex,0xcba45385799dce6b93ac2c1c3c1e93f0f710db78,2022-04-20T15:36:43.399066+00:00
